year,sum(points_accumulated),sum(points_redeemed)
2017,3.3431573E8,5633888
2018,4.57408217E8,6666684
